"Layer","Component","Threat / Vulnerability","Consequence","Impact Area","Rationale"
"Layer 1","GNSS / GPS Receiver","Spoofing and jamming","Loss of trusted positioning","Safety / Operational","False or degraded position affects route and maneuver decisions"
"Layer 1","GNSS / GPS Receiver","Data integrity weaknesses","Corrupted navigation input","Safety / Operational","Positioning errors propagate downstream"
"Layer 1","AIS Interface","Ghost ships and false information injection","Falsified traffic picture","Safety / Operational","False vessel presence or identity distorts situational awareness"
"Layer 1","AIS Interface","False data transmission and identity weaknesses","Misleading maritime identity and reporting","Operational / Safety","Traffic understanding depends on trusted vessel identity"
"Layer 1","ENC Data Service","False data transmission and identity manipulation","Unsafe route-planning basis","Operational / Safety","Falsified chart or route data affects navigation logic"
"Layer 1","ENC Data Service","Data integrity weaknesses","Corrupted chart and route-planning data","Operational / Safety","Manipulated chart information affects downstream route decisions"
"Layer 1","RADAR / ARPA System","Spoofing and jamming","Loss or corruption of obstacle detection","Safety","Tracking and hazard detection become unreliable"
"Layer 1","RADAR / ARPA System","Data integrity weaknesses","False or distorted target tracking","Safety / Operational","Tracking errors affect collision-related functions"
"Layer 1","Navigation Data Integration Tool","False data transmission and identity manipulation","Propagation of corrupted integrated navigation data","Safety / Operational","Bad inputs are amplified to later layers"
"Layer 1","Navigation Data Integration Tool","Integration with navigation weaknesses","Inconsistent navigational picture","Operational / Safety","Weak aggregation logic increases error propagation"
"Layer 1","Satellite Communication System","DoS and DDoS attacks","Loss of ship-to-shore communication availability","Operational / Safety","Remote coordination and monitoring degrade"
"Layer 1","Satellite Communication System","Eavesdropping","Exposure of sensitive communication content","Confidentiality / Operational","Ship-to-shore information may leak"
"Layer 1","RF / VHF / UHF Communication Module","RF signal disruption","Loss or degradation of radio communications","Operational / Safety","Coordination and communication reliability decrease"
"Layer 1","RF / VHF / UHF Communication Module","Absence of encryption and authentication","Increased exposure of radio traffic","Confidentiality / Operational","Weak protection increases interception and manipulation risk"
"Layer 1","Vessel Traffic Services Interface","False data transmission and identity manipulation","Distorted external traffic-service context","Operational / Safety","External traffic coordination becomes misleading"
"Layer 1","Vessel Traffic Services Interface","Communication protocol vulnerabilities","Untrusted service exchange","Operational / Safety","Traffic-service data may be altered or misused"
"Layer 1","Remote Control Center Communication Interface","Unauthorized access and emergency protocol tampering","Compromised remote supervision and control","Safety / Operational","High-value remote control path can be abused"
"Layer 1","Remote Control Center Communication Interface","Man-in-the-middle attacks","Altered remote command or monitoring traffic","Safety / Operational","Trust in RCC communications is broken"
"Layer 1","Remote Control Center Communication Interface","Confidentiality breaches","Exposure of control-related information","Confidentiality / Operational","Sensitive operational information may leak"
"Layer 1","GMDSS","RF signal disruption","Loss of emergency communication availability","Safety","Safety-critical emergency path becomes unavailable"
"Layer 1","GMDSS","Communication protocol vulnerabilities","Reduced trust in emergency communications","Safety / Operational","Poorly protected safety communications increase operational risk"
"Layer 1","Controllable Pitch Propeller","Weak protection of control and emergency functions","Unsafe propulsion-related actuation","Safety / Operational","Operational effect through compromised upstream control"
"Layer 1","Rudder Angle Indicator","False data transmission and identity manipulation","Incorrect steering-state awareness","Safety / Operational","False steering-state feedback affects control decisions"
"Layer 1","Electric / Hybrid Propulsion System","Weak protection of control and emergency functions","Unsafe propulsion behavior","Safety / Operational","Operationally critical propulsion asset may be misused"
"Layer 1","Steering Gear System","Weak protection of control and emergency functions","Loss or misuse of steering control","Safety / Operational","Safety-critical actuation path can be abused"
"Layer 1","Engine Control Mechanism","Unauthorized access","Compromised propulsion control","Safety / Operational","Critical control interface can be misused"
"Layer 1","Engine Control Mechanism","Weak protection of emergency functions","Modified safety or control logic","Safety / Operational","Unsafe control behavior may result"
"Layer 1","LiDAR","Spoofing and jamming","Misleading environmental perception","Safety","Perception errors affect downstream decisions"
"Layer 1","LiDAR","Data integrity weaknesses","Corrupted sensor output","Safety / Operational","False environmental data degrades situational awareness"
"Layer 1","Sonar","False data transmission and identity manipulation","Corrupted underwater and environment perception","Safety / Operational","False environmental sensing affects awareness"
"Layer 1","Infrared Camera System","Data integrity weaknesses","Compromised low-visibility perception","Safety","False imaging affects situational judgment"
"Layer 1","Weather Transmission System","False data transmission and identity manipulation","Misleading environmental planning context","Operational / Safety","Planning is affected by false weather input"
"Layer 1","Echo Sounder","Data integrity weaknesses","Incorrect depth and environment awareness","Safety / Operational","False depth data can affect safe navigation"
"Layer 1","Gyroscope Compass","Data integrity weaknesses","Corrupted heading reference","Safety / Operational","Heading trust affects route and maneuver logic"
"Layer 1","Heading and Speed Sensor","Data integrity weaknesses","Corrupted motion-state input","Safety / Operational","False state data affects maneuver execution"
"Layer 2","Autonomous Decision-Making Engine","Evasion through deep learning model manipulation","Incorrect autonomy reasoning","Safety / Operational","Core decision logic produces unsafe or noncompliant outputs"
"Layer 2","Autonomous Decision-Making Engine","Weak safeguards for AI-driven decision integrity","Degraded trust in automated decisions","Safety / Operational","Reasoning quality becomes unreliable"
"Layer 2","Autonomous Decision-Making Engine","Weaknesses inherited from Layer 1 primary function categories","Corrupted upstream inputs distort decisions","Safety / Operational","Layer 1 weaknesses propagate into autonomy reasoning"
"Layer 2","Feedback Control Module","Decision-logic manipulation","Corrupted control refinement behavior","Operational / Safety","Bad feedback reinforces wrong decisions"
"Layer 2","Feedback Control Module","Weak safeguards for AI-driven decision integrity","Unstable or unsafe decision correction","Operational / Safety","Poor safeguards amplify errors"
"Layer 2","Vessel Traffic Services Decision Integration","False data transmission and identity manipulation","Misleading external traffic context in autonomy reasoning","Operational / Safety","External coordination data distorts decisions"
"Layer 2","Vessel Traffic Services Decision Integration","Weaknesses inherited from Layer 1 primary function categories","External traffic inputs are not trustworthy","Operational / Safety","Communication-layer weaknesses affect reasoning"
"Layer 2","Machine Learning and Adaptive Algorithm Module","Clean-label poisoning attacks","Biased or degraded model behavior","Safety / Operational","Poisoned data distorts later decisions"
"Layer 2","Machine Learning and Adaptive Algorithm Module","Model stealing","Exposure of autonomy capability","Confidentiality / Strategic","Supports adversary planning and reverse-engineering"
"Layer 2","Machine Learning and Adaptive Algorithm Module","Model inversion and membership inference","Leakage of model or training information","Confidentiality","Outputs may reveal sensitive internals"
"Layer 2","Machine Learning and Adaptive Algorithm Module","Supply chain and machine learning lifecycle attacks","Compromised model lifecycle integrity","Safety / Operational","AI update and training process is undermined"
"Layer 2","Human Override Control Interface","Unauthorized access","Compromised supervisory override path","Safety / Operational","Manual or supervisory intervention becomes unsafe"
"Layer 2","Internal Data Pipeline / Integration Module","Man-in-the-middle attacks","Corrupted trusted internal data transfer","Operational / Safety","Inter-layer data trust is undermined"
"Layer 2","Internal Data Pipeline / Integration Module","Weak safeguards for trusted data exchange","Faulty internal coordination","Operational / Safety","Corruption spreads across autonomy and decision layers"
"Layer 2","Target Model","Backdoor vulnerabilities","Hidden malicious decision behavior","Safety / Operational","Deployed model may misbehave under trigger conditions"
"Layer 2","Target Model","Exposure of the target model","Increased risk of model abuse or theft","Confidentiality / Strategic","Accessible model supports adversary analysis"
"Layer 2","Training Data Asset","Clean-label poisoning attacks","Poisoned model training outcomes","Safety / Operational","Training corruption affects later navigation decisions"
"Layer 2","Training Data Asset","Training data vulnerabilities","Unreliable learning outcomes","Safety / Operational","Dataset weakness reduces decision reliability"
"Layer 3","Data Integration and Analysis Module","Adversarial data manipulation","Corrupted fused operational picture","Safety / Operational","Downstream navigation depends on trusted fused data"
"Layer 3","Data Integration and Analysis Module","Sensor deception","Misleading situational picture","Safety","False sensor inputs undermine awareness"
"Layer 3","Data Integration and Analysis Module","Weaknesses inherited from Layer 1 primary functions","Input-layer corruption distorts fused analysis","Safety / Operational","Multiple upstream weaknesses converge here"
"Layer 3","Data Integration and Analysis Module","Weaknesses inherited from Layer 2 decision-making and autonomy","Corrupted autonomy feedback affects fusion results","Safety / Operational","AI and control-layer corruption propagates here"
"Layer 3","Autonomous Navigation Decision Module","Compromised navigation-data inputs","Unsafe route or maneuver decision","Safety / Operational","Navigation depends on trusted processed inputs"
"Layer 3","Autonomous Navigation Decision Module","Path planning and trajectory optimization vulnerabilities","Unsafe path selection or maneuver plan","Safety","Manipulated route logic may produce hazardous actions"
"Layer 3","Autonomous Navigation Decision Module","Weaknesses inherited from Layer 2 decision-making and autonomy","Unsafe navigation outputs","Safety / Operational","Corrupted reasoning directly affects navigation actions"
"Layer 3","Collision Avoidance System","Sensor deception","False hazard detection or missed hazard","Safety","Unsafe avoidance behavior may occur"
"Layer 3","Collision Avoidance System","Adversarial data manipulation","Unsafe hazard-evaluation output","Safety","Altered data affects avoidance decisions"
"Layer 3","Collision Avoidance System","Coordinated and overwhelming alert-handling weaknesses","Reduced response to real hazards","Safety / Operational","Alert overload masks real threats"
"Layer 3","Navigation Support and Situational Awareness Module","IBS data manipulation","Falsified situational awareness picture","Safety / Operational","Integrated awareness becomes unreliable"
"Layer 3","Navigation Support and Situational Awareness Module","Sensor deception vulnerabilities","Distorted interpretation of the navigation environment","Safety / Operational","False inputs mislead situational understanding"
"Layer 3","Navigation Support and Situational Awareness Module","Weaknesses inherited from Layer 1 primary functions","Distorted navigation understanding","Safety / Operational","Upstream sensing and communication corruption affects interpretation"
